contents,sourceDepartments,sourcePersons,update_contents,update_sourceDepartments,update_sourcePersons
1,2,3,联盟修改成功,复仇者修改成功,人员修改成功
1联盟88内战,2复仇55者联盟,3美国3队长,联盟修改成功,复仇者修改成功,人员修改成功
A,B,C,联盟修改成功,复仇者修改成功,人员修改成功
A联盟G内战,B复仇者联盟,C美国C队长,联盟修改成功,复仇者修改成功,人员修改成功
@,%,&,联盟修改成功,复仇者修改成功,人员修改成功
联盟（内站）,(¥复仇者联盟),美国&队长,联盟修改成功,复仇者修改成功,人员修改成功
联盟-内战,复 仇 者&（联盟）,惊 奇@（）队fff长,联盟修改成功,复仇者修改成功,人员修改成功
 , , ,联盟修改成功,复仇者修改成功,人员修改成功
联 盟 内 战,复 仇 者 联 盟,钢 铁 侠,联盟修改成功,复仇者修改成功,人员修改成功
风林火山鸟月水川天云风林火山鸟月水川天云风林火山鸟月水川天云风林火山鸟月水川天云,LxGpRyTmQaFjHvCbNwKdZeSuXiYoMrAtDfJhWkPc,0123456789012345678901234567890123456789,联盟修改成功,复仇者修改成功,人员修改成功
风林火山鸟月水川天云风林火山鸟月水川天云风林火山鸟月水川天云风林火山鸟月水川天云云,,,联盟修改成功,复仇者修改成功,人员修改成功